patch_name1;0;1;1
patch_name2;1;1;1
patch_name3;2;1;1
patch_name4;3;1;1
patch_name5;4;1;1
patch_name6;5;1;1
patch_name7;6;1;1
patch_name8;7;1;1
patch_name9;8;1;1
patch_name10;9;1;1
patch_name11;10;1;1
patch_name12;11;1;1
patch_name13;12;1;1
patch_name14;13;1;1
patch_name15;14;1;1
patch_name16;15;1;1
output_select;16;1;1
comp_on_off;32;1;0
comp_type;33;1;0
comp_sustain;34;1;0
comp_attack;35;1;0
comp_tone;36;1;0
comp_level;37;1;0
od_ds_on_off;48;1;1
od_ds_type;49;1;1
od_ds_drive;50;1;1
od_ds_bottom;51;1;1
od_ds_tone;52;1;1
od_ds_solo_sw;53;1;1
od_ds_solo_level;54;1;1
od_ds_effect_level;55;1;1
od_ds_direct_mix;56;1;1
od_ds_custom_type;57;1;1
od_ds_custom_bottom;58;1;1
od_ds_custom_top;59;1;1
od_ds_custom_low;60;1;1
od_ds_custom_high;61;1;1
od_ds_custom_character;62;1;1
preamp_a_on_off;80;1;0
preamp_a_type;81;1;1
preamp_a_gain;82;1;1
preamp_a_t_comp;83;1;0
preamp_a_bass;84;1;1
preamp_a_middle;85;1;1
preamp_a_treble;86;1;1
preamp_a_presence;87;1;1
preamp_a_level;88;1;1
preamp_a_bright;89;1;1
preamp_a_gain_sw;90;1;0
preamp_a_solo_sw;91;1;0
preamp_a_solo_level;92;1;0
preamp_a_sp_type;93;1;0
preamp_a_mic_type;94;1;0
preamp_a_mic_dis;95;1;0
preamp_a_mic_pos;96;1;0
preamp_a_mic_level;97;1;0
preamp_a_direct_mix;98;1;1
preamp_a_custom_type;99;1;1
preamp_a_custom_bottom;100;1;1
preamp_a_custom_edge;101;1;1
preamp_a_custom_preamp_low;104;1;1
preamp_a_custom_preamp_high;105;1;1
preamp_a_custom_char;106;1;1
preamp_a_custom_sp_size;107;1;0
preamp_a_custom_sp_color_low;108;1;0
preamp_a_custom_sp_color_high;109;1;0
preamp_a_custom_sp_num;110;1;0
preamp_a_custom_sp_cabinet;111;1;0
preamp_b_on_off;128;1;0
preamp_b_type;129;1;0
preamp_b_gain;130;1;0
preamp_b_t_comp;131;1;0
preamp_b_bass;132;1;0
preamp_b_middle;133;1;0
preamp_b_treble;134;1;0
preamp_b_presence;135;1;0
preamp_b_level;136;1;0
preamp_b_bright;137;1;0
preamp_b_gain_sw;138;1;0
preamp_b_solo_sw;139;1;0
preamp_b_solo_level;140;1;0
preamp_b_sp_type;141;1;0
preamp_b_mic_type;142;1;0
preamp_b_mic_dis;143;1;0
preamp_b_mic_pos;144;1;0
preamp_b_mic_level;145;1;0
preamp_b_direct_mix;146;1;0
preamp_b_custom_type;147;1;0
preamp_b_custom_bottom;148;1;0
preamp_b_custom_edge;149;1;0
preamp_b_custom_preamp_low;152;1;0
preamp_b_custom_preamp_high;153;1;0
preamp_b_custom_char;154;1;0
preamp_b_custom_sp_size;155;1;0
preamp_b_custom_sp_color_low;156;1;0
preamp_b_custom_sp_color_high;157;1;0
preamp_b_custom_sp_num;158;1;0
preamp_b_custom_sp_cabinet;159;1;0
eq_on_off;176;1;0
eq_low_cut;177;1;0
eq_low_gain;178;1;0
eq_low_mid_freq;179;1;0
eq_low_mid_q;180;1;0
eq_low_mid_gain;181;1;0
eq_high_mid_freq;182;1;0
eq_high_mid_q;183;1;0
eq_high_mid_gain;184;1;0
eq_high_gain;185;1;0
eq_high_cut;186;1;0
eq_level;187;1;0
fx1_on_off;192;1;1
fx1_fx_type;193;1;1
fx1_sub_od_ds_type;194;1;1
fx1_sub_od_ds_drive;195;1;1
fx1_sub_od_ds_bottom;196;1;1
fx1_sub_od_ds_tone;197;1;1
fx1_sub_od_ds_solo_sw;198;1;1
fx1_sub_od_ds_solo_level;199;1;1
fx1_sub_od_ds_effect_level;200;1;1
fx1_sub_od_ds_direct_mix;201;1;1
fx1_t_wah_mode;204;1;1
fx1_t_wah_polar;205;1;1
fx1_t_wah_sens;206;1;1
fx1_t_wah_freq;207;1;1
fx1_t_wah_peak;208;1;1
fx1_t_wah_direct_mix;209;1;1
fx1_t_wah_effect_level;210;1;1
fx1_auto_wah_mode;212;1;1
fx1_auto_wah_freq;213;1;1
fx1_auto_wah_peak;214;1;1
fx1_auto_wah_rate;215;1;1
fx1_auto_wah_depth;216;1;1
fx1_auto_wah_direct_mix;217;1;1
fx1_auto_wah_effect_level;218;1;1
fx1_sub_wah_type;220;1;1
fx1_sub_wah_pedal_pos;221;1;1
fx1_sub_wah_pedal_min;222;1;1
fx1_sub_wah_pedal_max;223;1;1
fx1_sub_wah_effect_level;224;1;1
fx1_sub_wah_direct_mix;225;1;1
fx1_adv_comp_type;227;1;1
fx1_adv_comp_sustain;228;1;1
fx1_adv_comp_attack;229;1;1
fx1_adv_comp_tone;230;1;1
fx1_adv_comp_level;231;1;1
fx1_limiter_type;233;1;1
fx1_limiter_attack;234;1;1
fx1_limiter_thresh;235;1;1
fx1_limiter_ratio;236;1;1
fx1_limiter_release;237;1;1
fx1_limiter_level;238;1;1
fx1_graphic_eq_31hz;240;1;1
fx1_graphic_eq_62hz;241;1;1
fx1_graphic_eq_125hz;242;1;1
fx1_graphic_eq_250hz;243;1;1
fx1_graphic_eq_500hz;244;1;1
fx1_graphic_eq_1khz;245;1;1
fx1_graphic_eq_2khz;246;1;1
fx1_graphic_eq_4khz;247;1;1
fx1_graphic_eq_8khz;248;1;1
fx1_graphic_eq_16khz;249;1;1
fx1_graphic_eq_level;250;1;1
fx1_parametric_eq_low_cut;252;1;1
fx1_parametric_eq_low_gain;253;1;1
fx1_parametric_eq_low_mid_freq;254;1;1
fx1_parametric_eq_low_mid_q;255;1;1
fx1_parametric_eq_low_mid_gain;256;1;1
fx1_parametric_eq_high_mid_freq;257;1;1
fx1_parametric_eq_high_mid_q;258;1;1
fx1_parametric_eq_high_mid_gain;259;1;1
fx1_parametric_eq_high_gain;260;1;1
fx1_parametric_eq_high_cut;261;1;1
fx1_parametric_eq_level;262;1;1
fx1_tone_modify_type;264;1;1
fx1_tone_modify_reso;265;1;1
fx1_tone_modify_low;266;1;1
fx1_tone_modify_high;267;1;1
fx1_tone_modify_level;268;1;1
fx1_guitar_sim_type;270;1;1
fx1_guitar_sim_low;271;1;1
fx1_guitar_sim_high;272;1;1
fx1_guitar_sim_level;273;1;1
fx1_guitar_sim_body;274;1;1
fx1_slow_gear_sens;276;1;1
fx1_slow_gear_rise_time;277;1;1
fx1_slow_gear_level;278;1;1
fx1_defretter_tone;280;1;1
fx1_defretter_sens;281;1;1
fx1_defretter_attack;282;1;1
fx1_defretter_depth;283;1;1
fx1_defretter_reso;284;1;1
fx1_defretter_effect_level;285;1;1
fx1_defretter_direct_mix;286;1;1
fx1_wave_synth_wave;288;1;1
fx1_wave_synth_cutoff;289;1;1
fx1_wave_synth_reso;290;1;1
fx1_wave_synth_filter_sens;291;1;1
fx1_wave_synth_filter_decay;292;1;1
fx1_wave_synth_filter_depth;293;1;1
fx1_wave_synth_synth_level;294;1;1
fx1_wave_synth_direct_mix;295;1;1
fx1_sitar_sim_tone;297;1;1
fx1_sitar_sim_sens;298;1;1
fx1_sitar_sim_depth;299;1;1
fx1_sitar_sim_reso;300;1;1
fx1_sitar_sim_buzz;301;1;1
fx1_sitar_sim_effect_level;302;1;1
fx1_sitar_sim_direct_mix;303;1;1
fx1_octave_range;305;1;1
fx1_octave_level;306;1;1
fx1_octave_direct_mix;307;1;1
fx1_pitch_shifter_voice;309;1;1
fx1_pitch_shifter_ps1mode;310;1;1
fx1_pitch_shifter_ps1pitch;311;1;1
fx1_pitch_shifter_ps1fine;312;1;1
fx1_pitch_shifter_ps1pre_dly;313;2;1
fx1_pitch_shifter_ps1level;315;1;1
fx1_pitch_shifter_ps2mode;316;1;1
fx1_pitch_shifter_ps2pitch;317;1;1
fx1_pitch_shifter_ps2fine;318;1;1
fx1_pitch_shifter_ps2pre_dly;319;2;1
fx1_pitch_shifter_ps2level;321;1;1
fx1_pitch_shifter_ps1f_back;322;1;1
fx1_pitch_shifter_direct_mix;323;1;1
fx1_harmonist_voice;325;1;1
fx1_harmonist_hr1harm;326;1;1
fx1_harmonist_hr1pre_dly;327;2;1
fx1_harmonist_hr1level;329;1;1
fx1_harmonist_hr2harm;330;1;1
fx1_harmonist_hr2pre_dly;331;2;1
fx1_harmonist_hr2level;333;1;1
fx1_harmonist_hr1f_back;334;1;1
fx1_harmonist_direct_mix;335;1;1
fx1_harmonist_hr1c;336;1;1
fx1_harmonist_hr1db;337;1;1
fx1_harmonist_hr1d;338;1;1
fx1_harmonist_hr1eb;339;1;1
fx1_harmonist_hr1e;340;1;1
fx1_harmonist_hr1f;341;1;1
fx1_harmonist_hr1f_s;342;1;1
fx1_harmonist_hr1g;343;1;1
fx1_harmonist_hr1ab;344;1;1
fx1_harmonist_hr1a;345;1;1
fx1_harmonist_hr1bb;346;1;1
fx1_harmonist_hr1b;347;1;1
fx1_harmonist_hr2c;348;1;1
fx1_harmonist_hr2db;349;1;1
fx1_harmonist_hr2d;350;1;1
fx1_harmonist_hr2eb;351;1;1
fx1_harmonist_hr2e;352;1;1
fx1_harmonist_hr2f;353;1;1
fx1_harmonist_hr2f_s;354;1;1
fx1_harmonist_hr2g;355;1;1
fx1_harmonist_hr2ab;356;1;1
fx1_harmonist_hr2a;357;1;1
fx1_harmonist_hr2bb;358;1;1
fx1_harmonist_hr2b;359;1;1
fx1_sound_hold_hold;361;1;1
fx1_sound_hold_rise_time;362;1;1
fx1_sound_hold_effect_level;363;1;1
fx1_ac_processor_type;365;1;1
fx1_ac_processor_bass;366;1;1
fx1_ac_processor_middle;367;1;1
fx1_ac_processor_middle_freq;368;1;1
fx1_ac_processor_treble;369;1;1
fx1_ac_processor_presence;370;1;1
fx1_ac_processor_level;371;1;1
fx1_phaser_type;373;1;1
fx1_phaser_rate;374;1;1
fx1_phaser_depth;375;1;1
fx1_phaser_manual;376;1;1
fx1_phaser_reso;377;1;1
fx1_phaser_step_rate;378;1;1
fx1_phaser_effect_level;379;1;1
fx1_phaser_direct_mix;380;1;1
fx1_flanger_rate;382;1;1
fx1_flanger_depth;383;1;1
fx1_flanger_manual;384;1;1
fx1_flanger_reso;385;1;1
fx1_flanger_separation;386;1;1
fx1_flanger_low_cut;387;1;1
fx1_flanger_effect_level;388;1;1
fx1_flanger_direct_mix;389;1;1
fx1_tremolo_wave_shape;391;1;1
fx1_tremolo_rate;392;1;1
fx1_tremolo_depth;393;1;1
fx1_tremolo_level;394;1;1
fx1_rotary_speed_select;396;1;1
fx1_rotary_rate_slow;397;1;1
fx1_rotary_rate_fast;398;1;1
fx1_rotary_rise_time;399;1;1
fx1_rotary_fall_time;400;1;1
fx1_rotary_depth;401;1;1
fx1_rotary_level;402;1;1
fx1_uni_v_rate;404;1;1
fx1_uni_v_depth;405;1;1
fx1_uni_v_level;406;1;1
fx1_pan_type;408;1;1
fx1_pan_pos;409;1;1
fx1_pan_wave_shape;410;1;1
fx1_pan_rate;411;1;1
fx1_pan_depth;412;1;1
fx1_pan_level;413;1;1
fx1_slicer_pattern;415;1;1
fx1_slicer_rate;416;1;1
fx1_slicer_trigger_sens;417;1;1
fx1_slicer_effect_level;418;1;1
fx1_slicer_direct_mix;419;1;1
fx1_vibrato_rate;421;1;1
fx1_vibrato_depth;422;1;1
fx1_vibrato_trigger;423;1;1
fx1_vibrato_rise_time;424;1;1
fx1_vibrato_level;425;1;1
fx1_ring_mod_mode;427;1;1
fx1_ring_mod_freq;428;1;1
fx1_ring_mod_effect_level;429;1;1
fx1_ring_mod_direct_mix;430;1;1
fx1_humanizer_mode;432;1;1
fx1_humanizer_vowel1;433;1;1
fx1_humanizer_vowel2;434;1;1
fx1_humanizer_sens;435;1;1
fx1_humanizer_rate;436;1;1
fx1_humanizer_depth;437;1;1
fx1_humanizer_manual;438;1;1
fx1_humanizer_level;439;1;1
fx1_2x2_chorus_xover_freq;441;1;1
fx1_2x2_chorus_low_rate;442;1;1
fx1_2x2_chorus_low_depth;443;1;1
fx1_2x2_chorus_low_pre_delay;444;1;1
fx1_2x2_chorus_low_level;445;1;1
fx1_2x2_chorus_high_rate;446;1;1
fx1_2x2_chorus_high_depth;447;1;1
fx1_2x2_chorus_high_pre_delay;448;1;1
fx1_2x2_chorus_high_level;449;1;1
fx1_2x2_chorus_direct_level;450;1;1
fx1_sub_delay_type;451;1;1
fx1_sub_delay_time;452;2;1
fx1_sub_delay_f_back;454;1;1
fx1_sub_delay_high_cut;455;1;1
fx1_sub_delay_effect_level;456;1;1
fx1_sub_delay_direct_mix;457;1;1
fx1_sub_delay_tap_time;458;1;1
fx2_on_off;460;1;1
fx2_fx_type;461;1;1
fx2_sub_od_ds_type;462;1;1
fx2_sub_od_ds_drive;463;1;1
fx2_sub_od_ds_bottom;464;1;1
fx2_sub_od_ds_tone;465;1;1
fx2_sub_od_ds_solo_sw;466;1;1
fx2_sub_od_ds_solo_level;467;1;1
fx2_sub_od_ds_effect_level;468;1;1
fx2_sub_od_ds_direct_mix;469;1;1
fx2_t_wah_mode;472;1;1
fx2_t_wah_polar;473;1;1
fx2_t_wah_sens;474;1;1
fx2_t_wah_freq;475;1;1
fx2_t_wah_peak;476;1;1
fx2_t_wah_direct_mix;477;1;1
fx2_t_wah_effect_level;478;1;1
fx2_auto_wah_mode;480;1;1
fx2_auto_wah_freq;481;1;1
fx2_auto_wah_peak;482;1;1
fx2_auto_wah_rate;483;1;1
fx2_auto_wah_depth;484;1;1
fx2_auto_wah_direct_mix;485;1;1
fx2_auto_wah_effect_level;486;1;1
fx2_sub_wah_type;488;1;1
fx2_sub_wah_pedal_pos;489;1;1
fx2_sub_wah_pedal_min;490;1;1
fx2_sub_wah_pedal_max;491;1;1
fx2_sub_wah_effect_level;492;1;1
fx2_sub_wah_direct_mix;493;1;1
fx2_adv_comp_type;495;1;1
fx2_adv_comp_sustain;496;1;1
fx2_adv_comp_attack;497;1;1
fx2_adv_comp_tone;498;1;1
fx2_adv_comp_level;499;1;1
fx2_limiter_type;501;1;1
fx2_limiter_attack;502;1;1
fx2_limiter_thresh;503;1;1
fx2_limiter_ratio;504;1;1
fx2_limiter_release;505;1;1
fx2_limiter_level;506;1;1
fx2_graphic_eq_31hz;508;1;1
fx2_graphic_eq_62hz;509;1;1
fx2_graphic_eq_125hz;510;1;1
fx2_graphic_eq_250hz;511;1;1
fx2_graphic_eq_500hz;512;1;1
fx2_graphic_eq_1khz;513;1;1
fx2_graphic_eq_2khz;514;1;1
fx2_graphic_eq_4khz;515;1;1
fx2_graphic_eq_8khz;516;1;1
fx2_graphic_eq_16khz;517;1;1
fx2_graphic_eq_level;518;1;1
fx2_parametric_eq_low_cut;520;1;1
fx2_parametric_eq_low_gain;521;1;1
fx2_parametric_eq_low_mid_freq;522;1;1
fx2_parametric_eq_low_mid_q;523;1;1
fx2_parametric_eq_low_mid_gain;524;1;1
fx2_parametric_eq_high_mid_freq;525;1;1
fx2_parametric_eq_high_mid_q;526;1;1
fx2_parametric_eq_high_mid_gain;527;1;1
fx2_parametric_eq_high_gain;528;1;1
fx2_parametric_eq_high_cut;529;1;1
fx2_parametric_eq_level;530;1;1
fx2_tone_modify_type;532;1;1
fx2_tone_modify_reso;533;1;1
fx2_tone_modify_low;534;1;1
fx2_tone_modify_high;535;1;1
fx2_tone_modify_level;536;1;1
fx2_guitar_sim_type;538;1;1
fx2_guitar_sim_low;539;1;1
fx2_guitar_sim_high;540;1;1
fx2_guitar_sim_level;541;1;1
fx2_guitar_sim_body;542;1;1
fx2_slow_gear_sens;544;1;1
fx2_slow_gear_rise_time;545;1;1
fx2_slow_gear_level;546;1;1
fx2_defretter_tone;548;1;1
fx2_defretter_sens;549;1;1
fx2_defretter_attack;550;1;1
fx2_defretter_depth;551;1;1
fx2_defretter_reso;552;1;1
fx2_defretter_effect_level;553;1;1
fx2_defretter_direct_mix;554;1;1
fx2_wave_synth_wave;556;1;1
fx2_wave_synth_cutoff;557;1;1
fx2_wave_synth_reso;558;1;1
fx2_wave_synth_filter_sens;559;1;1
fx2_wave_synth_filter_decay;560;1;1
fx2_wave_synth_filter_depth;561;1;1
fx2_wave_synth_synth_level;562;1;1
fx2_wave_synth_direct_mix;563;1;1
fx2_sitar_sim_tone;565;1;1
fx2_sitar_sim_sens;566;1;1
fx2_sitar_sim_depth;567;1;1
fx2_sitar_sim_reso;568;1;1
fx2_sitar_sim_buzz;569;1;1
fx2_sitar_sim_effect_level;570;1;1
fx2_sitar_sim_direct_mix;571;1;1
fx2_octave_range;573;1;1
fx2_octave_level;574;1;1
fx2_octave_direct_mix;575;1;1
fx2_pitch_shifter_voice;577;1;1
fx2_pitch_shifter_ps1mode;578;1;1
fx2_pitch_shifter_ps1pitch;579;1;1
fx2_pitch_shifter_ps1fine;580;1;1
fx2_pitch_shifter_ps1pre_dly;581;2;1
fx2_pitch_shifter_ps1level;583;1;1
fx2_pitch_shifter_ps2mode;584;1;1
fx2_pitch_shifter_ps2pitch;585;1;1
fx2_pitch_shifter_ps2fine;586;1;1
fx2_pitch_shifter_ps2pre_dly;587;2;1
fx2_pitch_shifter_ps2level;589;1;1
fx2_pitch_shifter_ps1f_back;590;1;1
fx2_pitch_shifter_direct_mix;591;1;1
fx2_harmonist_voice;593;1;1
fx2_harmonist_hr1harm;594;1;1
fx2_harmonist_hr1pre_dly;595;2;1
fx2_harmonist_hr1level;597;1;1
fx2_harmonist_hr2harm;598;1;1
fx2_harmonist_hr2pre_dly;599;2;1
fx2_harmonist_hr2level;601;1;1
fx2_harmonist_hr1f_back;602;1;1
fx2_harmonist_direct_mix;603;1;1
fx2_harmonist_hr1c;604;1;1
fx2_harmonist_hr1db;605;1;1
fx2_harmonist_hr1d;606;1;1
fx2_harmonist_hr1eb;607;1;1
fx2_harmonist_hr1e;608;1;1
fx2_harmonist_hr1f;609;1;1
fx2_harmonist_hr1f_s;610;1;1
fx2_harmonist_hr1g;611;1;1
fx2_harmonist_hr1ab;612;1;1
fx2_harmonist_hr1a;613;1;1
fx2_harmonist_hr1bb;614;1;1
fx2_harmonist_hr1b;615;1;1
fx2_harmonist_hr2c;616;1;1
fx2_harmonist_hr2db;617;1;1
fx2_harmonist_hr2d;618;1;1
fx2_harmonist_hr2eb;619;1;1
fx2_harmonist_hr2e;620;1;1
fx2_harmonist_hr2f;621;1;1
fx2_harmonist_hr2f_s;622;1;1
fx2_harmonist_hr2g;623;1;1
fx2_harmonist_hr2ab;624;1;1
fx2_harmonist_hr2a;625;1;1
fx2_harmonist_hr2bb;626;1;1
fx2_harmonist_hr2b;627;1;1
fx2_sound_hold_hold;629;1;1
fx2_sound_hold_rise_time;630;1;1
fx2_sound_hold_effect_level;631;1;1
fx2_ac_processor_type;633;1;1
fx2_ac_processor_bass;634;1;1
fx2_ac_processor_middle;635;1;1
fx2_ac_processor_middle_freq;636;1;1
fx2_ac_processor_treble;637;1;1
fx2_ac_processor_presence;638;1;1
fx2_ac_processor_level;639;1;1
fx2_phaser_type;641;1;1
fx2_phaser_rate;642;1;1
fx2_phaser_depth;643;1;1
fx2_phaser_manual;644;1;1
fx2_phaser_reso;645;1;1
fx2_phaser_step_rate;646;1;1
fx2_phaser_effect_level;647;1;1
fx2_phaser_direct_mix;648;1;1
fx2_flanger_rate;650;1;1
fx2_flanger_depth;651;1;1
fx2_flanger_manual;652;1;1
fx2_flanger_reso;653;1;1
fx2_flanger_separation;654;1;1
fx2_flanger_low_cut;655;1;1
fx2_flanger_effect_level;656;1;1
fx2_flanger_direct_mix;657;1;1
fx2_tremolo_wave_shape;659;1;1
fx2_tremolo_rate;660;1;1
fx2_tremolo_depth;661;1;1
fx2_tremolo_level;662;1;1
fx2_rotary_speed_select;664;1;1
fx2_rotary_rate_slow;665;1;1
fx2_rotary_rate_fast;666;1;1
fx2_rotary_rise_time;667;1;1
fx2_rotary_fall_time;668;1;1
fx2_rotary_depth;669;1;1
fx2_rotary_level;670;1;1
fx2_uni_v_rate;672;1;1
fx2_uni_v_depth;673;1;1
fx2_uni_v_level;674;1;1
fx2_pan_type;676;1;1
fx2_pan_pos;677;1;1
fx2_pan_wave_shape;678;1;1
fx2_pan_rate;679;1;1
fx2_pan_depth;680;1;1
fx2_pan_level;681;1;1
fx2_slicer_pattern;683;1;1
fx2_slicer_rate;684;1;1
fx2_slicer_trigger_sens;685;1;1
fx2_slicer_effect_level;686;1;1
fx2_slicer_direct_mix;687;1;1
fx2_vibrato_rate;689;1;1
fx2_vibrato_depth;690;1;1
fx2_vibrato_trigger;691;1;1
fx2_vibrato_rise_time;692;1;1
fx2_vibrato_level;693;1;1
fx2_ring_mod_mode;695;1;1
fx2_ring_mod_freq;696;1;1
fx2_ring_mod_effect_level;697;1;1
fx2_ring_mod_direct_mix;698;1;1
fx2_humanizer_mode;700;1;1
fx2_humanizer_vowel1;701;1;1
fx2_humanizer_vowel2;702;1;1
fx2_humanizer_sens;703;1;1
fx2_humanizer_rate;704;1;1
fx2_humanizer_depth;705;1;1
fx2_humanizer_manual;706;1;1
fx2_humanizer_level;707;1;1
fx2_2x2_chorus_xover_freq;709;1;1
fx2_2x2_chorus_low_rate;710;1;1
fx2_2x2_chorus_low_depth;711;1;1
fx2_2x2_chorus_low_pre_delay;712;1;1
fx2_2x2_chorus_low_level;713;1;1
fx2_2x2_chorus_high_rate;714;1;1
fx2_2x2_chorus_high_depth;715;1;1
fx2_2x2_chorus_high_pre_delay;716;1;1
fx2_2x2_chorus_high_level;717;1;1
fx2_2x2_chorus_direct_level;718;1;1
fx2_sub_delay_type;719;1;1
fx2_sub_delay_time;720;2;1
fx2_sub_delay_f_back;722;1;1
fx2_sub_delay_high_cut;723;1;1
fx2_sub_delay_effect_level;724;1;1
fx2_sub_delay_direct_mix;725;1;1
fx2_sub_delay_tap_time;726;1;1
delay_on_off;736;1;1
delay_type;737;1;1
delay_delay_time;738;2;1
delay_f_back;740;1;1
delay_high_cut;741;1;1
delay_effect_level;742;1;1
delay_direct_mix;743;1;1
delay_tap_time;744;1;1
delay_d1_time;745;2;1
delay_d1_f_back;747;1;1
delay_d1_hi_cut;748;1;1
delay_d1_level;749;1;1
delay_d2_time;750;2;1
delay_d2_f_back;752;1;1
delay_d2_hi_cut;753;1;1
delay_d2_level;754;1;1
delay_mod_rate;755;1;1
delay_mod_depth;756;1;1
chorus_on_off;768;1;0
chorus_mode;769;1;0
chorus_rate;770;1;0
chorus_depth;771;1;0
chorus_pre_delay;772;1;0
chorus_low_cut;773;1;0
chorus_high_cut;774;1;0
chorus_effect_level;775;1;0
chorus_direct_level;776;1;0
reverb_on_off;784;1;1
reverb_type;785;1;1
reverb_time;786;1;1
reverb_pre_delay;787;2;1
reverb_low_cut;789;1;1
reverb_high_cut;790;1;1
reverb_density;791;1;1
reverb_effect_level;792;1;1
reverb_direct_mix;793;1;1
reverb_spring_sens;794;1;1
pedal_fx_on_off;800;1;0
pedal_fx_pedal_bend_pitch;802;1;0
pedal_fx_pedal_bend_position;803;1;0
pedal_fx_pedal_bend_effect_level;804;1;0
pedal_fx_pedal_bend_direct_mix;805;1;0
pedal_fx_wah_type;806;1;0
pedal_fx_wah_position;807;1;0
pedal_fx_wah_pedal_min;808;1;0
pedal_fx_wah_pedal_max;809;1;0
pedal_fx_wah_effect_level;810;1;0
pedal_fx_wah_direct_mix;811;1;0
foot_volume_volume_curve;816;1;0
foot_volume_volume_min;817;1;0
foot_volume_volume_max;818;1;0
foot_volume_level;819;1;1
divider_mode;832;1;0
divider_ch_select;833;1;0
divider_ch_a_dynamic;834;1;0
divider_ch_a_dynamic_sens;835;1;0
divider_ch_a_filter;836;1;0
divider_ch_a_cutoff_freq;837;1;0
divider_ch_b_dynamic;838;1;0
divider_ch_b_dynamic_sens;839;1;0
divider_ch_b_filter;840;1;0
divider_ch_b_cutoff_freq;841;1;0
mixer_mode;848;1;0
mixer_ch_a_b_balance;849;1;0
mixer_spread;850;1;0
send_return_on_off;853;1;1
send_return_mode;854;1;1
send_return_send_level;855;1;1
send_return_return_level;856;1;1
amp_control;864;1;0
ns1_on_off;867;1;1
ns1_threshold;868;1;1
ns1_release;869;1;1
ns1_detect;870;1;1
ns2_on_off;872;1;0
ns2_threshold;873;1;0
ns2_release;874;1;0
ns2_detect;875;1;0
accel_fx_type;880;1;1
accel_fx_s_bend_pitch;881;1;1
accel_fx_s_bend_rise_time;882;1;1
accel_fx_s_bend_fall_time;883;1;1
accel_fx_laser_beam_rate;884;1;1
accel_fx_laser_beam_depth;885;1;1
accel_fx_laser_beam_rise_time;886;1;1
accel_fx_laser_beam_fall_time;887;1;1
accel_fx_ring_mod_freq;888;1;1
accel_fx_ring_mod_rise_time;889;1;1
accel_fx_ring_mod_fall_time;890;1;1
accel_fx_ring_mod_ring_level;891;1;1
accel_fx_ring_mod_octave_level;892;1;1
accel_fx_ring_mod_direct_mix;893;1;1
accel_fx_twist_level;894;1;1
accel_fx_twist_rise_time;895;1;1
accel_fx_twist_fall_time;896;1;1
accel_fx_warp_level;897;1;1
accel_fx_warp_rise_time;898;1;1
accel_fx_warp_fall_time;899;1;1
accel_fx_feedbacker_mode;900;1;1
accel_fx_feedbacker_depth;901;1;1
accel_fx_feedbacker_rise_time;902;1;1
accel_fx_feedbacker_octave_rise_time;903;1;1
accel_fx_feedbacker_f_back_level;904;1;1
accel_fx_feedbacker_octave_f_back_level;905;1;1
accel_fx_feedbacker_vib_rate;906;1;1
accel_fx_feedbacker_vib_depth;907;1;1
patch_category;911;1;1
patch_level;912;1;1
master_eq_low_gain;913;1;0
master_eq_mid_freq;914;1;0
master_eq_mid_q;915;1;0
master_eq_mid_gain;916;1;0
master_eq_high_gain;917;1;0
master_bpm;918;2;1
master_key;920;1;1
master_beat;921;1;1
fx_chain_position1;928;1;1
fx_chain_position2;929;1;1
fx_chain_position3;930;1;1
fx_chain_position4;931;1;1
fx_chain_position5;932;1;1
fx_chain_position6;933;1;1
fx_chain_position7;934;1;1
fx_chain_position8;935;1;1
fx_chain_position9;936;1;1
fx_chain_position10;937;1;1
fx_chain_position11;938;1;1
fx_chain_position12;939;1;1
fx_chain_position13;940;1;1
fx_chain_position14;941;1;1
fx_chain_position15;942;1;1
fx_chain_position16;943;1;1
fx_chain_position17;944;1;1
fx_chain_position18;945;1;1
fx_chain_position19;946;1;1
fx_chain_position20;947;1;1
manual_mode_bank_down;960;1;1
manual_mode_bank_up;961;1;1
manual_mode_number_pedal1;962;1;1
manual_mode_number_pedal2;963;1;1
manual_mode_number_pedal3;964;1;1
manual_mode_number_pedal4;965;1;1
manual_mode_phrase_loop;966;1;1
manual_mode_accel_ctrl;967;1;1
ctl_exp_accel_ctl_func;976;1;1
ctl_exp_accel_ctl_min;977;1;1
ctl_exp_accel_ctl_max;978;1;1
ctl_exp_accel_ctl_src_mode;979;1;1
ctl_exp_exp_sw_func;992;1;1
ctl_exp_exp_sw_min;993;1;1
ctl_exp_exp_sw_max;994;1;1
ctl_exp_exp_sw_src_mode;995;1;1
ctl_exp_sub_ctl1_func;1008;1;1
ctl_exp_sub_ctl1_min;1009;1;1
ctl_exp_sub_ctl1_max;1010;1;1
ctl_exp_sub_ctl1_src_mode;1011;1;1
ctl_exp_sub_ctl2_func;1024;1;1
ctl_exp_sub_ctl2_min;1025;1;1
ctl_exp_sub_ctl2_max;1026;1;1
ctl_exp_sub_ctl2_src_mode;1027;1;1
ctl_exp_exp_func;1040;1;1
ctl_exp_exp_patch_level_min;1041;1;1
ctl_exp_exp_patch_level_max;1042;1;1
ctl_exp_sub_exp_func;1056;1;1
ctl_exp_sub_exp_patch_level_min;1057;1;1
ctl_exp_sub_exp_patch_level_max;1058;1;1
assign1_on_off;1072;1;0
assign1_target;1073;2;0
assign1_target_min;1075;2;0
assign1_target_max;1077;2;0
assign1_source;1079;1;0
assign1_source_mode;1080;1;0
assign1_act_range_lo;1081;1;0
assign1_act_range_hi;1082;1;0
assign1_int_pdl_trigger;1083;1;0
assign1_int_pdl_time;1084;1;0
assign1_int_pdl_curve;1085;1;0
assign1_wave_rate;1086;1;0
assign1_waveform;1087;1;0
assign2_on_off;1104;1;0
assign2_target;1105;2;0
assign2_target_min;1107;2;0
assign2_target_max;1109;2;0
assign2_source;1111;1;0
assign2_source_mode;1112;1;0
assign2_act_range_lo;1113;1;0
assign2_act_range_hi;1114;1;0
assign2_int_pdl_trigger;1115;1;0
assign2_int_pdl_time;1116;1;0
assign2_int_pdl_curve;1117;1;0
assign2_wave_rate;1118;1;0
assign2_waveform;1119;1;0
assign3_on_off;1136;1;0
assign3_target;1137;2;0
assign3_target_min;1139;2;0
assign3_target_max;1141;2;0
assign3_source;1143;1;0
assign3_source_mode;1144;1;0
assign3_act_range_lo;1145;1;0
assign3_act_range_hi;1146;1;0
assign3_int_pdl_trigger;1147;1;0
assign3_int_pdl_time;1148;1;0
assign3_int_pdl_curve;1149;1;0
assign3_wave_rate;1150;1;0
assign3_waveform;1151;1;0
assign4_on_off;1168;1;0
assign4_target;1169;2;0
assign4_target_min;1171;2;0
assign4_target_max;1173;2;0
assign4_source;1175;1;0
assign4_source_mode;1176;1;0
assign4_act_range_lo;1177;1;0
assign4_act_range_hi;1178;1;0
assign4_int_pdl_trigger;1179;1;0
assign4_int_pdl_time;1180;1;0
assign4_int_pdl_curve;1181;1;0
assign4_wave_rate;1182;1;0
assign4_waveform;1183;1;0
assign5_on_off;1200;1;0
assign5_target;1201;2;0
assign5_target_min;1203;2;0
assign5_target_max;1205;2;0
assign5_source;1207;1;0
assign5_source_mode;1208;1;0
assign5_act_range_lo;1209;1;0
assign5_act_range_hi;1210;1;0
assign5_int_pdl_trigger;1211;1;0
assign5_int_pdl_time;1212;1;0
assign5_int_pdl_curve;1213;1;0
assign5_wave_rate;1214;1;0
assign5_waveform;1215;1;0
assign6_on_off;1232;1;0
assign6_target;1233;2;0
assign6_target_min;1235;2;0
assign6_target_max;1237;2;0
assign6_source;1239;1;0
assign6_source_mode;1240;1;0
assign6_act_range_lo;1241;1;0
assign6_act_range_hi;1242;1;0
assign6_int_pdl_trigger;1243;1;0
assign6_int_pdl_time;1244;1;0
assign6_int_pdl_curve;1245;1;0
assign6_wave_rate;1246;1;0
assign6_waveform;1247;1;0
assign7_on_off;1264;1;0
assign7_target;1265;2;0
assign7_target_min;1267;2;0
assign7_target_max;1269;2;0
assign7_source;1271;1;0
assign7_source_mode;1272;1;0
assign7_act_range_lo;1273;1;0
assign7_act_range_hi;1274;1;0
assign7_int_pdl_trigger;1275;1;0
assign7_int_pdl_time;1276;1;0
assign7_int_pdl_curve;1277;1;0
assign7_wave_rate;1278;1;0
assign7_waveform;1279;1;0
assign8_on_off;1296;1;0
assign8_target;1297;2;0
assign8_target_min;1299;2;0
assign8_target_max;1301;2;0
assign8_source;1303;1;0
assign8_source_mode;1304;1;0
assign8_act_range_lo;1305;1;0
assign8_act_range_hi;1306;1;0
assign8_int_pdl_trigger;1307;1;0
assign8_int_pdl_time;1308;1;0
assign8_int_pdl_curve;1309;1;0
assign8_wave_rate;1310;1;0
assign8_waveform;1311;1;0
assign_common_input_sens;1328;1;0
fx1_acsim_high;2064;1;1
fx1_acsim_body;2065;1;1
fx1_acsim_low;2066;1;1
fx1_acsim_level;2068;1;1
fx1_rotary2_balance;2070;1;1
fx1_rotary2_speed_sel;2071;1;1
fx1_rotary2_rate_slow;2072;1;1
fx1_rotary2_rate_fast;2073;1;1
fx1_rotary2_risetime;2074;1;1
fx1_rotary2_falltime;2075;1;1
fx1_rotary2_depth;2076;1;1
fx1_rotary2_level;2077;1;1
fx1_rotary2_direct_mix;2078;1;1
fx2_acsim_high;2079;1;1
fx2_acsim_body;2080;1;1
fx2_acsim_low;2081;1;1
fx2_acsim_level;2083;1;1
fx2_rotary2_balance;2085;1;1
fx2_rotary2_speed_sel;2086;1;1
fx2_rotary2_rate_slow;2087;1;1
fx2_rotary2_rate_fast;2088;1;1
fx2_rotary2_risetime;2089;1;1
fx2_rotary2_falltime;2090;1;1
fx2_rotary2_depth;2091;1;1
fx2_rotary2_level;2092;1;1
fx2_rotary2_direct_mix;2093;1;1
prm_fx2_teraecho_mode;2095;1;1
prm_fx2_teraecho_time;2096;1;1
prm_fx2_teraecho_feedback;2097;1;1
prm_fx2_teraecho_tone;2098;1;1
prm_fx2_teraecho_effect_level;2099;1;1
prm_fx2_teraecho_hold;2100;1;1
prm_fx2_teraecho_direct_mix;2101;1;1
prm_fx2_overtone_detune;2102;1;1
prm_fx2_overtone_tone;2103;1;1
prm_fx2_overtone_upper_level;2104;1;1
prm_fx2_overtone_lower_level;2105;1;1
prm_fx2_overtone_direct_level;2106;1;1
chain_ptn;2304;1;1
fxbox_asgn_fx1a_g;2305;1;1
fxbox_asgn_fx1a_r;2306;1;1
fxbox_asgn_fx1a_y;2307;1;1
fxbox_asgn_fx1b_g;2308;1;1
fxbox_asgn_fx1b_r;2309;1;1
fxbox_asgn_fx1b_y;2310;1;1
fxbox_asgn_fx2a_g;2311;1;1
fxbox_asgn_fx2a_r;2312;1;1
fxbox_asgn_fx2a_y;2313;1;1
fxbox_asgn_fx2b_g;2314;1;1
fxbox_asgn_fx2b_r;2315;1;1
fxbox_asgn_fx2b_y;2316;1;1
fxbox_asgn_fx3_g;2317;1;1
fxbox_asgn_fx3_r;2318;1;1
fxbox_asgn_fx3_y;2319;1;1
fxbox_sel_fx1a;2320;1;1
fxbox_sel_fx1b;2321;1;1
fxbox_sel_fx2a;2322;1;1
fxbox_sel_fx2b;2323;1;1
fxbox_sel_fx3;2324;1;1
fx_active_ab_fx1;2325;1;1
fx_active_ab_fx2;2326;1;1
